time,side,entry,stop,take,reason
2024-01-02 08:00:00,1,1.10165,1.10106,1.10254,eql_sweep_fade
2024-01-03 08:15:00,-1,1.09627,1.09671,1.09562,eqh_sweep_fade
2024-01-09 07:00:00,1,1.09492,1.09455,1.09548,eql_sweep_fade
2024-01-10 07:45:00,-1,1.09363,1.09461,1.09216,eqh_sweep_fade
2024-01-12 14:30:00,1,1.09730,1.09647,1.09854,eql_sweep_fade
2024-01-22 08:45:00,1,1.08878,1.08831,1.08949,eql_sweep_fade
2024-01-25 13:30:00,1,1.08744,1.08680,1.08840,eql_sweep_fade
2024-01-26 08:45:00,1,1.08373,1.08319,1.08454,eql_sweep_fade
2024-01-29 07:30:00,-1,1.08490,1.08518,1.08447,eqh_sweep_fade
2024-01-30 10:30:00,1,1.08299,1.08244,1.08381,eql_sweep_fade
2024-01-31 08:45:00,-1,1.08222,1.08270,1.08150,eqh_sweep_fade
2024-02-06 09:00:00,-1,1.07440,1.07483,1.07376,eqh_sweep_fade
2024-02-07 16:00:00,1,1.07567,1.07494,1.07677,eql_sweep_fade
2024-02-09 08:00:00,-1,1.07786,1.07846,1.07696,eqh_sweep_fade
2024-02-13 07:15:00,-1,1.07751,1.07780,1.07708,eqh_sweep_fade
2024-02-14 07:00:00,-1,1.07139,1.07178,1.07081,eqh_sweep_fade
2024-02-16 15:00:00,1,1.07586,1.07469,1.07762,eql_sweep_fade
2024-02-19 13:00:00,1,1.07718,1.07685,1.07768,eql_sweep_fade
2024-02-20 07:30:00,-1,1.07712,1.07734,1.07679,eqh_sweep_fade
2024-02-21 14:15:00,-1,1.08146,1.08188,1.08083,eqh_sweep_fade
2024-02-23 10:00:00,1,1.08213,1.08163,1.08287,eql_sweep_fade
2024-02-27 10:30:00,1,1.08469,1.08423,1.08538,eql_sweep_fade
2024-02-29 07:45:00,-1,1.08381,1.08414,1.08331,eqh_sweep_fade
2024-03-01 10:45:00,1,1.08082,1.08026,1.08165,eql_sweep_fade
2024-03-04 08:45:00,1,1.08428,1.08385,1.08493,eql_sweep_fade
2024-03-05 14:15:00,-1,1.08541,1.08576,1.08488,eqh_sweep_fade
2024-03-07 07:45:00,1,1.08928,1.08903,1.08966,eql_sweep_fade
2024-03-07 14:30:00,-1,1.09055,1.09134,1.08937,eqh_sweep_fade
2024-03-11 10:00:00,1,1.09369,1.09321,1.09441,eql_sweep_fade
2024-03-14 10:15:00,-1,1.09430,1.09473,1.09366,eqh_sweep_fade
2024-03-22 14:00:00,-1,1.08232,1.08327,1.08090,eqh_sweep_fade
2024-03-26 14:30:00,1,1.08386,1.08337,1.08460,eql_sweep_fade
2024-03-27 07:15:00,-1,1.08331,1.08355,1.08295,eqh_sweep_fade
2024-04-03 08:30:00,1,1.07658,1.07633,1.07696,eql_sweep_fade
2024-04-03 13:15:00,-1,1.07793,1.07863,1.07688,eqh_sweep_fade
2024-04-04 07:30:00,-1,1.08447,1.08468,1.08416,eqh_sweep_fade
2024-04-05 07:00:00,-1,1.08279,1.08299,1.08249,eqh_sweep_fade
2024-04-09 08:00:00,1,1.08556,1.08516,1.08617,eql_sweep_fade
2024-04-09 12:30:00,-1,1.08626,1.08690,1.08529,eqh_sweep_fade
2024-04-10 10:00:00,-1,1.08593,1.08629,1.08539,eqh_sweep_fade
2024-04-11 08:45:00,1,1.07407,1.07365,1.07470,eql_sweep_fade
2024-04-11 15:00:00,-1,1.07341,1.07434,1.07202,eqh_sweep_fade
2024-04-15 14:00:00,1,1.06535,1.06460,1.06647,eql_sweep_fade
2024-04-16 10:15:00,-1,1.06284,1.06362,1.06167,eqh_sweep_fade
2024-04-18 12:45:00,1,1.06748,1.06703,1.06816,eql_sweep_fade
2024-04-19 12:00:00,-1,1.06439,1.06496,1.06354,eqh_sweep_fade
2024-04-23 10:45:00,-1,1.06605,1.06684,1.06487,eqh_sweep_fade
2024-04-24 07:15:00,1,1.06995,1.06940,1.07077,eql_sweep_fade
2024-04-25 14:30:00,1,1.06928,1.06799,1.07121,eql_sweep_fade
2024-04-26 07:15:00,-1,1.07302,1.07329,1.07262,eqh_sweep_fade
2024-04-30 07:45:00,1,1.07022,1.06948,1.07132,eql_sweep_fade
2024-05-02 13:30:00,1,1.06955,1.06902,1.07035,eql_sweep_fade
2024-05-03 08:30:00,1,1.07314,1.07285,1.07358,eql_sweep_fade
2024-05-06 07:45:00,-1,1.07646,1.07671,1.07609,eqh_sweep_fade
2024-05-07 08:45:00,-1,1.07694,1.07734,1.07633,eqh_sweep_fade
2024-05-08 09:00:00,1,1.07386,1.07344,1.07449,eql_sweep_fade
2024-05-08 15:15:00,-1,1.07541,1.07577,1.07487,eqh_sweep_fade
2024-05-09 13:30:00,1,1.07423,1.07327,1.07567,eql_sweep_fade
2024-05-10 14:15:00,1,1.07752,1.07717,1.07805,eql_sweep_fade
2024-05-13 07:45:00,-1,1.07724,1.07741,1.07698,eqh_sweep_fade
2024-05-14 10:30:00,-1,1.07893,1.07928,1.07841,eqh_sweep_fade
2024-05-15 12:00:00,1,1.08245,1.08211,1.08296,eql_sweep_fade
2024-05-17 16:30:00,-1,1.08688,1.08740,1.08610,eqh_sweep_fade
2024-05-27 07:15:00,1,1.08459,1.08440,1.08488,eql_sweep_fade
2024-05-29 13:15:00,-1,1.08569,1.08620,1.08492,eqh_sweep_fade
2024-05-31 09:00:00,1,1.08268,1.08219,1.08342,eql_sweep_fade
2024-06-03 09:45:00,1,1.08397,1.08349,1.08468,eql_sweep_fade
2024-06-05 14:00:00,-1,1.08860,1.08899,1.08802,eqh_sweep_fade
2024-06-07 08:15:00,-1,1.08936,1.08988,1.08858,eqh_sweep_fade
2024-06-13 07:30:00,1,1.08038,1.08005,1.08087,eql_sweep_fade
2024-06-17 08:15:00,1,1.06989,1.06947,1.07052,eql_sweep_fade
2024-06-21 07:30:00,-1,1.07177,1.07195,1.07150,eqh_sweep_fade
2024-06-25 09:30:00,1,1.07318,1.07281,1.07374,eql_sweep_fade
2024-06-28 13:30:00,-1,1.07116,1.07208,1.06978,eqh_sweep_fade
2024-07-02 15:00:00,-1,1.07363,1.07460,1.07217,eqh_sweep_fade
2024-07-05 13:30:00,1,1.08093,1.07983,1.08258,eql_sweep_fade
2024-07-10 08:45:00,-1,1.08211,1.08239,1.08168,eqh_sweep_fade
2024-07-12 07:45:00,1,1.08640,1.08617,1.08675,eql_sweep_fade
2024-07-16 13:30:00,-1,1.08945,1.09036,1.08809,eqh_sweep_fade
2024-07-17 08:00:00,1,1.09004,1.08944,1.09094,eql_sweep_fade
2024-07-19 12:30:00,-1,1.08905,1.08940,1.08853,eqh_sweep_fade
2024-07-22 12:15:00,1,1.08848,1.08810,1.08905,eql_sweep_fade
2024-07-24 15:45:00,-1,1.08537,1.08592,1.08454,eqh_sweep_fade
2024-07-25 07:00:00,-1,1.08428,1.08455,1.08387,eqh_sweep_fade
2024-07-26 09:45:00,1,1.08434,1.08394,1.08493,eql_sweep_fade
2024-07-30 07:30:00,-1,1.08236,1.08257,1.08205,eqh_sweep_fade
2024-07-31 08:15:00,1,1.08123,1.08079,1.08189,eql_sweep_fade
2024-08-05 07:30:00,1,1.09028,1.08947,1.09149,eql_sweep_fade
2024-08-07 16:30:00,-1,1.09266,1.09343,1.09150,eqh_sweep_fade
2024-08-12 07:15:00,-1,1.09214,1.09235,1.09183,eqh_sweep_fade
2024-08-12 15:15:00,1,1.09157,1.09115,1.09220,eql_sweep_fade
2024-08-16 15:45:00,1,1.09853,1.09806,1.09924,eql_sweep_fade
2024-08-20 07:15:00,1,1.10748,1.10726,1.10780,eql_sweep_fade
2024-08-21 12:45:00,1,1.11131,1.11092,1.11190,eql_sweep_fade
2024-08-21 15:15:00,-1,1.11259,1.11327,1.11157,eqh_sweep_fade
2024-08-22 08:30:00,-1,1.11456,1.11501,1.11389,eqh_sweep_fade
2024-08-23 12:30:00,1,1.11124,1.11088,1.11179,eql_sweep_fade
2024-08-26 07:30:00,1,1.11863,1.11825,1.11920,eql_sweep_fade
2024-08-27 09:45:00,-1,1.11724,1.11767,1.11659,eqh_sweep_fade
2024-08-27 14:45:00,1,1.11618,1.11521,1.11763,eql_sweep_fade
2024-08-29 16:00:00,1,1.10719,1.10634,1.10846,eql_sweep_fade
2024-08-30 08:00:00,-1,1.10830,1.10863,1.10780,eqh_sweep_fade
2024-09-03 15:00:00,-1,1.10687,1.10751,1.10591,eqh_sweep_fade
2024-09-04 12:15:00,1,1.10496,1.10453,1.10561,eql_sweep_fade
2024-09-05 08:15:00,-1,1.10854,1.10908,1.10772,eqh_sweep_fade
2024-09-09 15:45:00,1,1.10357,1.10297,1.10447,eql_sweep_fade
2024-09-17 08:15:00,1,1.11217,1.11155,1.11311,eql_sweep_fade
2024-09-18 15:45:00,1,1.11177,1.11109,1.11280,eql_sweep_fade
2024-09-20 09:15:00,1,1.11571,1.11513,1.11657,eql_sweep_fade
2024-09-25 09:30:00,1,1.11853,1.11806,1.11924,eql_sweep_fade
2024-09-30 07:15:00,1,1.11562,1.11530,1.11610,eql_sweep_fade
2024-10-01 07:15:00,1,1.11346,1.11307,1.11404,eql_sweep_fade
2024-10-02 09:45:00,-1,1.10737,1.10792,1.10654,eqh_sweep_fade
2024-10-03 13:30:00,-1,1.10465,1.10518,1.10386,eqh_sweep_fade
2024-10-04 09:30:00,1,1.10249,1.10205,1.10315,eql_sweep_fade
2024-10-07 09:30:00,-1,1.09775,1.09827,1.09697,eqh_sweep_fade
2024-10-07 12:00:00,1,1.09679,1.09612,1.09780,eql_sweep_fade
2024-10-10 14:00:00,-1,1.09430,1.09511,1.09308,eqh_sweep_fade
2024-10-11 12:30:00,1,1.09321,1.09272,1.09395,eql_sweep_fade
2024-10-15 09:15:00,-1,1.09087,1.09131,1.09022,eqh_sweep_fade
2024-10-16 08:15:00,1,1.08819,1.08788,1.08866,eql_sweep_fade
2024-10-17 12:45:00,-1,1.08642,1.08675,1.08592,eqh_sweep_fade
2024-10-22 14:15:00,1,1.08143,1.08098,1.08210,eql_sweep_fade
2024-10-24 08:30:00,1,1.07794,1.07715,1.07913,eql_sweep_fade
2024-10-25 08:15:00,1,1.08200,1.08174,1.08239,eql_sweep_fade
2024-10-25 12:45:00,-1,1.08277,1.08313,1.08224,eqh_sweep_fade
2024-10-28 12:30:00,-1,1.08200,1.08264,1.08104,eqh_sweep_fade
2024-10-29 07:30:00,1,1.08114,1.08089,1.08151,eql_sweep_fade
2024-10-30 12:45:00,1,1.08130,1.08072,1.08216,eql_sweep_fade
2024-10-31 15:30:00,-1,1.08533,1.08632,1.08385,eqh_sweep_fade
2024-11-04 13:30:00,1,1.08936,1.08882,1.09017,eql_sweep_fade
2024-11-08 07:00:00,1,1.07790,1.07752,1.07847,eql_sweep_fade
2024-11-13 09:15:00,1,1.06177,1.06067,1.06341,eql_sweep_fade
2024-11-14 14:45:00,-1,1.05557,1.05660,1.05402,eqh_sweep_fade
2024-11-18 12:30:00,1,1.05379,1.05312,1.05480,eql_sweep_fade
2024-11-20 08:15:00,1,1.05708,1.05653,1.05790,eql_sweep_fade
2024-11-22 08:30:00,-1,1.04782,1.04876,1.04642,eqh_sweep_fade
2024-11-25 09:00:00,1,1.04745,1.04613,1.04942,eql_sweep_fade
2024-11-26 13:15:00,-1,1.05207,1.05304,1.05062,eqh_sweep_fade
2024-11-26 16:15:00,1,1.04700,1.04582,1.04877,eql_sweep_fade
2024-11-29 08:15:00,1,1.05652,1.05589,1.05747,eql_sweep_fade
2024-12-04 07:45:00,-1,1.05125,1.05175,1.05050,eqh_sweep_fade
2024-12-06 16:15:00,1,1.05674,1.05519,1.05906,eql_sweep_fade
2024-12-09 09:30:00,-1,1.05694,1.05764,1.05589,eqh_sweep_fade
2024-12-11 13:45:00,-1,1.05312,1.05397,1.05185,eqh_sweep_fade
2024-12-12 14:30:00,1,1.05034,1.04772,1.05428,eql_sweep_fade
2024-12-13 08:15:00,-1,1.04661,1.04721,1.04571,eqh_sweep_fade
2024-12-17 14:00:00,1,1.05066,1.05011,1.05149,eql_sweep_fade
2024-12-18 09:00:00,1,1.04955,1.04903,1.05034,eql_sweep_fade
2024-12-24 13:00:00,1,1.03915,1.03866,1.03989,eql_sweep_fade
2024-12-26 07:45:00,1,1.03967,1.03941,1.04005,eql_sweep_fade
2024-12-26 13:15:00,-1,1.04030,1.04062,1.03982,eqh_sweep_fade
2024-12-27 08:15:00,-1,1.04241,1.04284,1.04177,eqh_sweep_fade
2024-12-30 07:30:00,1,1.04227,1.04205,1.04260,eql_sweep_fade
2024-12-30 13:30:00,-1,1.04314,1.04389,1.04201,eqh_sweep_fade
